column,class,count,percentage
"By agreeing to take part in this survey, you confirm that you have read, understood and agreed with the following statements. Please note that this survey will skip to the end if you disagree to take part: 
 
 _I agree that data gathered in this study will be stored anonymously and securely, and will be used for research purposes only. _
 
 _I understand that my participation is voluntary and that I am free to withdraw at any time without giving reason. _
 
 _I understand that all personal information will remain confidentially within OLIO's database, and that no personally identifiable information will be shared with any third party, and that no data will be made available that can allow me to be personally identified in the results of this research. _
 
 _I am 18 years of age or older. _
 
 I agree to take part in this survey:",1,2886,100.0
How would you describe your gender?,Female,2163,74.95
How would you describe your gender?,Male,642,22.25
How would you describe your gender?,Prefer not to say,45,1.56
How would you describe your gender?,Non binary/ other,36,1.25
What range best describes your age group?,35 to 39,546,18.92
What range best describes your age group?,30 to 34,489,16.94
What range best describes your age group?,25 to 29,406,14.07
What range best describes your age group?,40 to 44,365,12.65
What range best describes your age group?,45 to 49,266,9.22
What range best describes your age group?,20 to 24,222,7.69
What range best describes your age group?,50 to 54,211,7.31
What range best describes your age group?,55 to 59,135,4.68
What range best describes your age group?,60 to 64,108,3.74
What range best describes your age group?,65 to 69,59,2.04
What range best describes your age group?,16 to 19,40,1.39
What range best describes your age group?,70 to 74,26,0.9
What range best describes your age group?,75 to 79,11,0.38
What range best describes your age group?,80 or over,2,0.07
Do you have any physical or mental health conditions or illnesses that are limiting your day to day activities?,No,2226,77.13
Do you have any physical or mental health conditions or illnesses that are limiting your day to day activities?,Yes,512,17.74
Do you have any physical or mental health conditions or illnesses that are limiting your day to day activities?,Prefer not to say,148,5.13
Which of the following best describes your household?,Living with partner/ spouse/ older relative WITH children under 18,741,25.68
Which of the following best describes your household?,Living with partner/ spouse (NO children or children have left home),633,21.93
Which of the following best describes your household?,Living on my own (NO children or children have left home),522,18.09
Which of the following best describes your household?,"Living with other adults that are non-family members, such as friends/ flatmates",394,13.65
Which of the following best describes your household?,"Living with other adult family members (i.e. aged 18 or older, such as adult children, parents and/ or elderly relatives)",354,12.27
Which of the following best describes your household?,Living on my own WITH children under 18,242,8.39
"In general, how satisfied are you with your life?",8,813,28.17
"In general, how satisfied are you with your life?",7,660,22.87
"In general, how satisfied are you with your life?",6,322,11.16
"In general, how satisfied are you with your life?",9,319,11.05
"In general, how satisfied are you with your life?",5,295,10.22
"In general, how satisfied are you with your life?",10,172,5.96
"In general, how satisfied are you with your life?",4,132,4.57
"In general, how satisfied are you with your life?",3,91,3.15
"In general, how satisfied are you with your life?",2,46,1.59
"In general, how satisfied are you with your life?",1,36,1.25
"Compared to others in my neighbourhood, I think my life overall is...",The same,1307,45.29
"Compared to others in my neighbourhood, I think my life overall is...",Better,865,29.97
"Compared to others in my neighbourhood, I think my life overall is...",Worse,437,15.14
"Compared to others in my neighbourhood, I think my life overall is...",Much better,222,7.69
"Compared to others in my neighbourhood, I think my life overall is...",Much worse,55,1.91
How often do you feel that you lack companionship?,Some of the time,1425,49.38
How often do you feel that you lack companionship?,Hardly ever or never,978,33.89
How often do you feel that you lack companionship?,Often,483,16.74
How often do you feel isolated from others or left out?,Some of the time,1374,47.61
How often do you feel isolated from others or left out?,Hardly ever or never,1046,36.24
How often do you feel isolated from others or left out?,Often,466,16.15
To what extent are you able to turn to friends and family for help when you need it?,To some extent,1470,50.94
To what extent are you able to turn to friends and family for help when you need it?,To a large extent,1133,39.26
To what extent are you able to turn to friends and family for help when you need it?,Not at all,283,9.81
"How much do you agree with the following statement? 
 
 Generally, I borrow things and exchange favours with my neighbours.",Tend to disagree,940,32.57
"How much do you agree with the following statement? 
 
 Generally, I borrow things and exchange favours with my neighbours.",Tend to agree,939,32.54
"How much do you agree with the following statement? 
 
 Generally, I borrow things and exchange favours with my neighbours.",Definitely disagree,709,24.57
"How much do you agree with the following statement? 
 
 Generally, I borrow things and exchange favours with my neighbours.",Definitely agree,298,10.33
Foodbank,missing,2526,87.53
Foodbank,Foodbank,360,12.47
Neighbours,missing,2555,88.53
Neighbours,Neighbours,331,11.47
Close family or friends,missing,2210,76.58
Close family or friends,Close family or friends,676,23.42
Community or faith group,missing,2550,88.36
Community or faith group,Community or faith group,336,11.64
None of the above,None of the above,1613,55.89
None of the above,missing,1273,44.11
Other,missing,2588,89.67
Other,Olio,191,6.62
Other,olio,11,0.38
Other,OLIO,8,0.28
Other,Olio app,5,0.17
Other,Too Good to Go,3,0.1
Other,"olio, too good to go",2,0.07
Other,Food club,2,0.07
Other,Apps,2,0.07
Other,Didn't need it,1,0.03
Other,"Olio, food left outside to take",1,0.03
Other,Work,1,0.03
Other,council gave me a food voucher,1,0.03
Other,Felix project,1,0.03
Other,Olio and too good to go,1,0.03
Other,Olio & other waste apps,1,0.03
Other,Supermarket,1,0.03
Other,"Regular grocery delivery, and shopping, but had the odd gift from friends or surplus-food-sharing group",1,0.03
Other,Your app olio,1,0.03
Other,From employer,1,0.03
Other,Volunteering at City Harvest,1,0.03
Other,Buy reduced products,1,0.03
Other,OLIO + leftover food from work,1,0.03
Other,Olio Volunteers,1,0.03
Other,App like Olio,1,0.03
Other,Olio & my office,1,0.03
Other,Kids club,1,0.03
Other,Government,1,0.03
Other,My workplace (Pret A Manger),1,0.03
Other,Olio only,1,0.03
Other,no need,1,0.03
Other,TOO GOOD TO GO,1,0.03
Other,Zero waste apps,1,0.03
Other,"NO,I DIDN'T.",1,0.03
Other,Supermarkets,1,0.03
Other,Olio and Too Good to go,1,0.03
Other,Olio (helped me so much),1,0.03
Other,"Olio, Too good to go",1,0.03
Other,Food vouchers,1,0.03
Other,Olio collections,1,0.03
Other,Local concil,1,0.03
Other,Work help scheme,1,0.03
Other,"Olio, School donation",1,0.03
Other,I volunteer at the foodbank and take home some of their extras,1,0.03
Other,OLIOers,1,0.03
Other,OlIo,1,0.03
Other,Food sharing apps,1,0.03
Other,Ollio,1,0.03
Other,I am fed by my friend when I stay with her,1,0.03
Other,Olio rescue food,1,0.03
Other,Local surplus food collectors,1,0.03
Other,Partner,1,0.03
Other,Food waste apps.,1,0.03
Other,Discount apps,1,0.03
Other,Reduced to clear - yellow label,1,0.03
Other,"Olio, local rep and reps nearby.",1,0.03
Other,olio and by volunteering for a food bank. i also use food that i jave found on the street ..,1,0.03
Other,Cheap food from supermarkets or random products I was given.,1,0.03
Other,Not required,1,0.03
Other,Oilio app,1,0.03
Other,Fareshare,1,0.03
Other,Church,1,0.03
Other,Too Good To Go,1,0.03
Other,I'm not really suffering like others may be,1,0.03
Other,"Charity, TooGood to Go",1,0.03
Other,"I am a food hero at Olio. I tend to not take any items from collection, but occasionally will take some veggies and bread if left.",1,0.03
Other,Food Cycle,1,0.03
Other,Oilo,1,0.03
Other,Food aid,1,0.03
Other,Olio and other food apps,1,0.03
Other,Yh,1,0.03
Other,TooGoodToGo,1,0.03
Other,Council,1,0.03
Other,Others,1,0.03
Other,Avoid food waste,1,0.03
Other,using things such as too good to go,1,0.03
Other,foraging,1,0.03
Other,ASYLUM HOTEL,1,0.03
Other,Credit from local shop,1,0.03
Other,Did not need to,1,0.03
Other,Home office [asylum seeker],1,0.03
Other,"skip' diving, food trade shows that had free entry",1,0.03
Other,No help was needed,1,0.03
"The next questions are about your household's diet in the past 12 months, since October of last year, and whether you were able to afford the food you needed. In the past 12 months, was the following statement true for you?
 
 We worried whether our food would run out before we got money to buy more.",Never true,1757,60.88
"The next questions are about your household's diet in the past 12 months, since October of last year, and whether you were able to afford the food you needed. In the past 12 months, was the following statement true for you?
 
 We worried whether our food would run out before we got money to buy more.",Sometimes true,781,27.06
"The next questions are about your household's diet in the past 12 months, since October of last year, and whether you were able to afford the food you needed. In the past 12 months, was the following statement true for you?
 
 We worried whether our food would run out before we got money to buy more.",Often true,348,12.06
"The food that we bought just didn't last, and we didn't have money to get more.",Never true,1994,69.09
"The food that we bought just didn't last, and we didn't have money to get more.",Sometimes true,658,22.8
"The food that we bought just didn't last, and we didn't have money to get more.",Often true,234,8.11
We couldn't afford to eat balanced meals.,Never true,1743,60.4
We couldn't afford to eat balanced meals.,Sometimes true,794,27.51
We couldn't afford to eat balanced meals.,Often true,349,12.09
Did you or other adults in your household ever cut the size of your meals or skip meals because there wasn't enough money for food?,missing,1473,51.04
Did you or other adults in your household ever cut the size of your meals or skip meals because there wasn't enough money for food?,Yes,804,27.86
Did you or other adults in your household ever cut the size of your meals or skip meals because there wasn't enough money for food?,No,609,21.1
How often did this happen?,missing,2082,72.14
How often did this happen?,Some months but not every month,348,12.06
How often did this happen?,Almost every month,311,10.78
How often did this happen?,Only 1 or 2 months,145,5.02
Did you ever eat less than you felt you should because there wasn't enough money for food?,missing,1473,51.04
Did you ever eat less than you felt you should because there wasn't enough money for food?,Yes,876,30.35
Did you ever eat less than you felt you should because there wasn't enough money for food?,No,537,18.61
Were you ever hungry but didn't eat because there wasn't enough money for food?,missing,1473,51.04
Were you ever hungry but didn't eat because there wasn't enough money for food?,No,748,25.92
Were you ever hungry but didn't eat because there wasn't enough money for food?,Yes,665,23.04
Did you lose weight because there wasn't enough money for food?,missing,1473,51.04
Did you lose weight because there wasn't enough money for food?,No,925,32.05
Did you lose weight because there wasn't enough money for food?,Yes,488,16.91
Did you or other adults in your household ever not eat for a whole day because there wasn't enough money for food?,missing,1473,51.04
Did you or other adults in your household ever not eat for a whole day because there wasn't enough money for food?,No,1076,37.28
Did you or other adults in your household ever not eat for a whole day because there wasn't enough money for food?,Yes,337,11.68
How often did this happen?.1,missing,2886,100.0
HH2,0.0,1757,60.88
HH2,1.0,1128,39.09
HH2,missing,1,0.03
HH3,0,1994,69.09
HH3,1,892,30.91
HH4,0,1743,60.4
HH4,1,1143,39.6
AD1,missing,1473,51.04
AD1,1.0,804,27.86
AD1,0.0,609,21.1
AD1a,missing,2082,72.14
AD1a,1.0,659,22.83
AD1a,0.0,145,5.02
AD2,missing,1473,51.04
AD2,1.0,876,30.35
AD2,0.0,537,18.61
AD3,missing,1473,51.04
AD3,0.0,748,25.92
AD3,1.0,665,23.04
AD4,missing,1473,51.04
AD4,0.0,925,32.05
AD4,1.0,488,16.91
AD5,missing,1473,51.04
AD5,0.0,1076,37.28
AD5,1.0,337,11.68
AD5a,missing,2886,100.0
food_security_score,0,1473,51.04
food_security_score,1,233,8.07
food_security_score,9,193,6.69
food_security_score,8,187,6.48
food_security_score,2,158,5.47
food_security_score,3,149,5.16
food_security_score,7,144,4.99
food_security_score,6,125,4.33
food_security_score,4,115,3.98
food_security_score,5,109,3.78
"The next questions are about the food situation of your children. In the past 12 months, was the following statement true for you? 
 
 We relied on only a few kinds of low-cost food to feed our children because we were running out of money to buy food.",missing,1903,65.94
"The next questions are about the food situation of your children. In the past 12 months, was the following statement true for you? 
 
 We relied on only a few kinds of low-cost food to feed our children because we were running out of money to buy food.",Never true,619,21.45
"The next questions are about the food situation of your children. In the past 12 months, was the following statement true for you? 
 
 We relied on only a few kinds of low-cost food to feed our children because we were running out of money to buy food.",Sometimes true,270,9.36
"The next questions are about the food situation of your children. In the past 12 months, was the following statement true for you? 
 
 We relied on only a few kinds of low-cost food to feed our children because we were running out of money to buy food.",Often true,94,3.26
"We couldn't feed our children a balanced meal, because we couldn't afford that.",missing,1903,65.94
"We couldn't feed our children a balanced meal, because we couldn't afford that.",Never true,708,24.53
"We couldn't feed our children a balanced meal, because we couldn't afford that.",Sometimes true,212,7.35
"We couldn't feed our children a balanced meal, because we couldn't afford that.",Often true,63,2.18
The children were not eating enough because we just couldn't afford enough food.,missing,1903,65.94
The children were not eating enough because we just couldn't afford enough food.,Never true,849,29.42
The children were not eating enough because we just couldn't afford enough food.,Sometimes true,111,3.85
The children were not eating enough because we just couldn't afford enough food.,Often true,23,0.8
Did you ever cut the size of any of the children's meals because there wasn't enough money for food?,missing,1903,65.94
Did you ever cut the size of any of the children's meals because there wasn't enough money for food?,No,908,31.46
Did you ever cut the size of any of the children's meals because there wasn't enough money for food?,Yes,75,2.6
Did any of the children ever skip meals because there wasn't enough money for food?,missing,1903,65.94
Did any of the children ever skip meals because there wasn't enough money for food?,No,945,32.74
Did any of the children ever skip meals because there wasn't enough money for food?,Yes,38,1.32
How often did this happen?.2,missing,2848,98.68
How often did this happen?.2,Some months but not every month,20,0.69
How often did this happen?.2,Almost every month,15,0.52
How often did this happen?.2,Only 1 or 2 months,3,0.1
Were the children ever hungry but you just couldn't afford more food?,missing,1903,65.94
Were the children ever hungry but you just couldn't afford more food?,No,916,31.74
Were the children ever hungry but you just couldn't afford more food?,Yes,67,2.32
Did any of the children ever not eat for a whole day because there wasn't enough money for food?,missing,1903,65.94
Did any of the children ever not eat for a whole day because there wasn't enough money for food?,No,960,33.26
Did any of the children ever not eat for a whole day because there wasn't enough money for food?,Yes,23,0.8
CH1,missing,1903,65.94
CH1,0.0,708,24.53
CH1,1.0,275,9.53
CH2,missing,1903,65.94
CH2,0.0,849,29.42
CH2,1.0,134,4.64
CH3,missing,1903,65.94
CH3,0.0,908,31.46
CH3,1.0,75,2.6
CH4,missing,1904,65.97
CH4,0.0,944,32.71
CH4,1.0,38,1.32
CH5,missing,2886,100.0
CH5a,missing,2886,100.0
CH6,missing,1903,65.94
CH6,0.0,916,31.74
CH6,1.0,67,2.32
CH7,missing,1903,65.94
CH7,0.0,960,33.26
CH7,1.0,23,0.8
child_security_score,missing,1903,65.94
child_security_score,0.0,683,23.67
child_security_score,1.0,158,5.47
child_security_score,2.0,60,2.08
child_security_score,3.0,36,1.25
child_security_score,4.0,19,0.66
child_security_score,6.0,15,0.52
child_security_score,5.0,12,0.42
household_food_security_children,missing,1903,65.94
household_food_security_children,0.0,458,15.87
household_food_security_children,1.0,81,2.81
household_food_security_children,2.0,51,1.77
household_food_security_children,9.0,47,1.63
household_food_security_children,10.0,44,1.52
household_food_security_children,7.0,43,1.49
household_food_security_children,8.0,42,1.46
household_food_security_children,4.0,40,1.39
household_food_security_children,5.0,38,1.32
household_food_security_children,3.0,35,1.21
household_food_security_children,6.0,32,1.11
household_food_security_children,11.0,24,0.83
household_food_security_children,12.0,20,0.69
household_food_security_children,14.0,12,0.42
household_food_security_children,13.0,9,0.31
household_food_security_children,15.0,7,0.24
household_food_security_no_children,missing,2886,100.0
household_food_security_label,High food security,1446,50.1
household_food_security_label,Very low food security,542,18.78
household_food_security_label,Low food security,508,17.6
household_food_security_label,Marginal food security,390,13.51
Which of the following best describes the house you currently live in?,Renting from private landlord,1051,36.42
Which of the following best describes the house you currently live in?,Buying the house on a mortgage,741,25.68
Which of the following best describes the house you currently live in?,Owning the house outright,402,13.93
Which of the following best describes the house you currently live in?,Living in rented accommodation from Housing Association,229,7.93
Which of the following best describes the house you currently live in?,Living in rented accommodation arranged by the Local Authority,224,7.76
Which of the following best describes the house you currently live in?,missing,88,3.05
Which of the following best describes the house you currently live in?,Temporarily living with friends and/ or family while attempting to find permanent accommodation,79,2.74
Which of the following best describes the house you currently live in?,Living in student accommodation/ student halls,46,1.59
Which of the following best describes the house you currently live in?,Living in a night shelter/ hostel,26,0.9
Other.1,missing,2800,97.02
Other.1,Living with family,6,0.21
Other.1,Shared ownership,3,0.1
Other.1,With parents,2,0.07
Other.1,Family owned,2,0.07
Other.1,Council House,2,0.07
Other.1,Prefer not to say,2,0.07
Other.1,Temporary accommodation,2,0.07
Other.1,Living with parents,2,0.07
Other.1,Other,1,0.03
Other.1,Living in an apartment owned by parents,1,0.03
Other.1,Asylum,1,0.03
Other.1,part but part rent scheme - shared ownership,1,0.03
Other.1,Permanently living with family,1,0.03
Other.1,Property guardian,1,0.03
Other.1,Living in a place that there's no need to pay rent or own it,1,0.03
Other.1,Low rent in exchange of companionship,1,0.03
Other.1,Live with my partner who owns the house,1,0.03
Other.1,shared ownership,1,0.03
Other.1,Living with a friend,1,0.03
Other.1,Permanently living with parents in law.,1,0.03
Other.1,Coop,1,0.03
Other.1,Parents house,1,0.03
Other.1,Living in my partners own house,1,0.03
Other.1,Temporary housing provided by council,1,0.03
Other.1,Living in parents home,1,0.03
Other.1,Rent,1,0.03
Other.1,Hostel,1,0.03
Other.1,Ukrainian refugee,1,0.03
Other.1,Prefer to not answer,1,0.03
Other.1,Council,1,0.03
Other.1,Hotel asylum,1,0.03
Other.1,My partner own the mortgage,1,0.03
Other.1,Living with inlaws,1,0.03
Other.1,We own 40% and pay rent to a Housing Association on the remaining 60%,1,0.03
Other.1,Intermediate rent from a housing association,1,0.03
Other.1,Clergy housing,1,0.03
Other.1,Flat bought with shared ownership,1,0.03
Other.1,Owned by relative. Living in it rent free,1,0.03
Other.1,Living in Son's house,1,0.03
Other.1,Grace and favour,1,0.03
Other.1,"Part owner, rest HA",1,0.03
Other.1,Home office,1,0.03
Other.1,Living with partner's family in their home,1,0.03
Other.1,Living with parents who own the house outright,1,0.03
Other.1,Living in a guardianship,1,0.03
Other.1,parents house,1,0.03
Other.1,Monthly guardianship,1,0.03
Other.1,House sitter full-time,1,0.03
Other.1,Live in house of my sponsor (visa),1,0.03
Other.1,Shared ownership with housing association,1,0.03
Other.1,Shared ownership property,1,0.03
Other.1,"Shared ownership - part mortgage, part rent",1,0.03
Other.1,Home office arrangement,1,0.03
Other.1,Homeless/squatting in commercial,1,0.03
Other.1,Shared ownership - mortgage plus renting from housing association,1,0.03
Other.1,Guardianship property,1,0.03
Other.1,Living as a property guardian,1,0.03
Other.1,Renting room in family's house without attempting to find permanent accommodation,1,0.03
Other.1,Asylum accomodation,1,0.03
Other.1,living with parents,1,0.03
Other.1,council house,1,0.03
Other.1,Loving in work accommodation,1,0.03
Other.1,Rent - Private Landlord,1,0.03
Other.1,My home was bought for me my parents,1,0.03
Other.1,Squat,1,0.03
Other.1,Refugiado en un hotel,1,0.03
Other.1,Renting a room,1,0.03
Other.1,I am renting a room from private landlord,1,0.03
Other.1,House owned by children,1,0.03
Other.1,Living in house owned by a parent,1,0.03
Other.1,Shared ownership with Housing Association,1,0.03
Other.1,Sponsored house,1,0.03
Other.1,Shared Ownership,1,0.03
Do you know the Energy Performance Certificate (EPC) rating for the house you currently live in?,Don't know,1971,68.3
Do you know the Energy Performance Certificate (EPC) rating for the house you currently live in?,D,319,11.05
Do you know the Energy Performance Certificate (EPC) rating for the house you currently live in?,C,267,9.25
Do you know the Energy Performance Certificate (EPC) rating for the house you currently live in?,E,130,4.5
Do you know the Energy Performance Certificate (EPC) rating for the house you currently live in?,B,107,3.71
Do you know the Energy Performance Certificate (EPC) rating for the house you currently live in?,A,44,1.52
Do you know the Energy Performance Certificate (EPC) rating for the house you currently live in?,F,35,1.21
Do you know the Energy Performance Certificate (EPC) rating for the house you currently live in?,G,13,0.45
Do you use a prepayment or pay-as-you-go meter to pay for your energy usage?,No,1919,66.49
Do you use a prepayment or pay-as-you-go meter to pay for your energy usage?,Yes,662,22.94
Do you use a prepayment or pay-as-you-go meter to pay for your energy usage?,Don't know,305,10.57
"The following questions are about challenges your household may have had paying energy bills or maintaining heating in your home in the past 12 months. 
 
 How frequently did your household reduce or forego expenses for basic household necessities, such as medicine or food, in order to pay an energy bill?",Never,1809,62.68
"The following questions are about challenges your household may have had paying energy bills or maintaining heating in your home in the past 12 months. 
 
 How frequently did your household reduce or forego expenses for basic household necessities, such as medicine or food, in order to pay an energy bill?",Some months but not every month,471,16.32
"The following questions are about challenges your household may have had paying energy bills or maintaining heating in your home in the past 12 months. 
 
 How frequently did your household reduce or forego expenses for basic household necessities, such as medicine or food, in order to pay an energy bill?",Almost every month,351,12.16
"The following questions are about challenges your household may have had paying energy bills or maintaining heating in your home in the past 12 months. 
 
 How frequently did your household reduce or forego expenses for basic household necessities, such as medicine or food, in order to pay an energy bill?",1 or 2 months,255,8.84
"In the past year, how frequently did your household keep your home at a cold temperature that you felt was unsafe or unhealthy?",Never,1437,49.79
"In the past year, how frequently did your household keep your home at a cold temperature that you felt was unsafe or unhealthy?",Some months but not every month,574,19.89
"In the past year, how frequently did your household keep your home at a cold temperature that you felt was unsafe or unhealthy?",1 or 2 months,457,15.84
"In the past year, how frequently did your household keep your home at a cold temperature that you felt was unsafe or unhealthy?",Almost every month,418,14.48
"In the past year, how frequently did your household run behind on payments for energy bills, or receive a notice to disconnect?",Never,2331,80.77
"In the past year, how frequently did your household run behind on payments for energy bills, or receive a notice to disconnect?",Some months but not every month,218,7.55
"In the past year, how frequently did your household run behind on payments for energy bills, or receive a notice to disconnect?",1 or 2 months,183,6.34
"In the past year, how frequently did your household run behind on payments for energy bills, or receive a notice to disconnect?",Almost every month,154,5.34
"In the last year, was there ever a time your household was unable to use your main source of heat because you could not afford to pay for gas or electricity?",0,2278,78.93
"In the last year, was there ever a time your household was unable to use your main source of heat because you could not afford to pay for gas or electricity?",1,608,21.07
About how many days over the past year has your household gone without heat because you could not afford to pay for gas or electricity?,missing,2278,78.93
About how many days over the past year has your household gone without heat because you could not afford to pay for gas or electricity?,30.0,75,2.6
About how many days over the past year has your household gone without heat because you could not afford to pay for gas or electricity?,10.0,55,1.91
About how many days over the past year has your household gone without heat because you could not afford to pay for gas or electricity?,20.0,49,1.7
About how many days over the past year has your household gone without heat because you could not afford to pay for gas or electricity?,60.0,48,1.66
About how many days over the past year has your household gone without heat because you could not afford to pay for gas or electricity?,5.0,31,1.07
About how many days over the past year has your household gone without heat because you could not afford to pay for gas or electricity?,365.0,24,0.83
About how many days over the past year has your household gone without heat because you could not afford to pay for gas or electricity?,0.0,22,0.76
About how many days over the past year has your household gone without heat because you could not afford to pay for gas or electricity?,2.0,22,0.76
About how many days over the past year has your household gone without heat because you could not afford to pay for gas or electricity?,15.0,19,0.66
About how many days over the past year has your household gone without heat because you could not afford to pay for gas or electricity?,50.0,17,0.59
About how many days over the past year has your household gone without heat because you could not afford to pay for gas or electricity?,200.0,16,0.55
About how many days over the past year has your household gone without heat because you could not afford to pay for gas or electricity?,40.0,15,0.52
About how many days over the past year has your household gone without heat because you could not afford to pay for gas or electricity?,100.0,15,0.52
About how many days over the past year has your household gone without heat because you could not afford to pay for gas or electricity?,3.0,14,0.49
About how many days over the past year has your household gone without heat because you could not afford to pay for gas or electricity?,90.0,14,0.49
About how many days over the past year has your household gone without heat because you could not afford to pay for gas or electricity?,7.0,12,0.42
About how many days over the past year has your household gone without heat because you could not afford to pay for gas or electricity?,300.0,11,0.38
About how many days over the past year has your household gone without heat because you could not afford to pay for gas or electricity?,120.0,10,0.35
About how many days over the past year has your household gone without heat because you could not afford to pay for gas or electricity?,150.0,9,0.31
About how many days over the past year has your household gone without heat because you could not afford to pay for gas or electricity?,6.0,8,0.28
About how many days over the past year has your household gone without heat because you could not afford to pay for gas or electricity?,28.0,7,0.24
About how many days over the past year has your household gone without heat because you could not afford to pay for gas or electricity?,14.0,7,0.24
About how many days over the past year has your household gone without heat because you could not afford to pay for gas or electricity?,1.0,6,0.21
About how many days over the past year has your household gone without heat because you could not afford to pay for gas or electricity?,25.0,6,0.21
About how many days over the past year has your household gone without heat because you could not afford to pay for gas or electricity?,9.0,5,0.17
About how many days over the past year has your household gone without heat because you could not afford to pay for gas or electricity?,45.0,5,0.17
About how many days over the past year has your household gone without heat because you could not afford to pay for gas or electricity?,12.0,5,0.17
About how many days over the past year has your household gone without heat because you could not afford to pay for gas or electricity?,350.0,5,0.17
About how many days over the past year has your household gone without heat because you could not afford to pay for gas or electricity?,48.0,4,0.14
About how many days over the past year has your household gone without heat because you could not afford to pay for gas or electricity?,4.0,3,0.1
About how many days over the past year has your household gone without heat because you could not afford to pay for gas or electricity?,8.0,3,0.1
About how many days over the past year has your household gone without heat because you could not afford to pay for gas or electricity?,65.0,3,0.1
About how many days over the past year has your household gone without heat because you could not afford to pay for gas or electricity?,35.0,3,0.1
About how many days over the past year has your household gone without heat because you could not afford to pay for gas or electricity?,52.0,3,0.1
About how many days over the past year has your household gone without heat because you could not afford to pay for gas or electricity?,21.0,3,0.1
About how many days over the past year has your household gone without heat because you could not afford to pay for gas or electricity?,196.0,2,0.07
About how many days over the past year has your household gone without heat because you could not afford to pay for gas or electricity?,250.0,2,0.07
About how many days over the past year has your household gone without heat because you could not afford to pay for gas or electricity?,56.0,2,0.07
About how many days over the past year has your household gone without heat because you could not afford to pay for gas or electricity?,80.0,2,0.07
About how many days over the past year has your household gone without heat because you could not afford to pay for gas or electricity?,55.0,2,0.07
About how many days over the past year has your household gone without heat because you could not afford to pay for gas or electricity?,24.0,2,0.07
About how many days over the past year has your household gone without heat because you could not afford to pay for gas or electricity?,180.0,2,0.07
About how many days over the past year has your household gone without heat because you could not afford to pay for gas or electricity?,320.0,2,0.07
About how many days over the past year has your household gone without heat because you could not afford to pay for gas or electricity?,110.0,2,0.07
About how many days over the past year has your household gone without heat because you could not afford to pay for gas or electricity?,70.0,2,0.07
About how many days over the past year has your household gone without heat because you could not afford to pay for gas or electricity?,260.0,2,0.07
About how many days over the past year has your household gone without heat because you could not afford to pay for gas or electricity?,175.0,2,0.07
About how many days over the past year has your household gone without heat because you could not afford to pay for gas or electricity?,46.0,1,0.03
About how many days over the past year has your household gone without heat because you could not afford to pay for gas or electricity?,290.0,1,0.03
About how many days over the past year has your household gone without heat because you could not afford to pay for gas or electricity?,23.0,1,0.03
About how many days over the past year has your household gone without heat because you could not afford to pay for gas or electricity?,258.0,1,0.03
About how many days over the past year has your household gone without heat because you could not afford to pay for gas or electricity?,22.0,1,0.03
About how many days over the past year has your household gone without heat because you could not afford to pay for gas or electricity?,355.0,1,0.03
About how many days over the past year has your household gone without heat because you could not afford to pay for gas or electricity?,19.0,1,0.03
About how many days over the past year has your household gone without heat because you could not afford to pay for gas or electricity?,42.0,1,0.03
About how many days over the past year has your household gone without heat because you could not afford to pay for gas or electricity?,275.0,1,0.03
About how many days over the past year has your household gone without heat because you could not afford to pay for gas or electricity?,335.0,1,0.03
About how many days over the past year has your household gone without heat because you could not afford to pay for gas or electricity?,104.0,1,0.03
About how many days over the past year has your household gone without heat because you could not afford to pay for gas or electricity?,230.0,1,0.03
About how many days over the past year has your household gone without heat because you could not afford to pay for gas or electricity?,225.0,1,0.03
About how many days over the past year has your household gone without heat because you could not afford to pay for gas or electricity?,62.0,1,0.03
About how many days over the past year has your household gone without heat because you could not afford to pay for gas or electricity?,16.0,1,0.03
About how many days over the past year has your household gone without heat because you could not afford to pay for gas or electricity?,75.0,1,0.03
About how many days over the past year has your household gone without heat because you could not afford to pay for gas or electricity?,156.0,1,0.03
About how many days over the past year has your household gone without heat because you could not afford to pay for gas or electricity?,130.0,1,0.03
About how many days over the past year has your household gone without heat because you could not afford to pay for gas or electricity?,362.0,1,0.03
About how many days over the past year has your household gone without heat because you could not afford to pay for gas or electricity?,34.0,1,0.03
About how many days over the past year has your household gone without heat because you could not afford to pay for gas or electricity?,330.0,1,0.03
About how many days over the past year has your household gone without heat because you could not afford to pay for gas or electricity?,344.0,1,0.03
About how many days over the past year has your household gone without heat because you could not afford to pay for gas or electricity?,270.0,1,0.03
About how many days over the past year has your household gone without heat because you could not afford to pay for gas or electricity?,78.0,1,0.03
About how many days over the past year has your household gone without heat because you could not afford to pay for gas or electricity?,51.0,1,0.03
About how many days over the past year has your household gone without heat because you could not afford to pay for gas or electricity?,170.0,1,0.03
About how many days over the past year has your household gone without heat because you could not afford to pay for gas or electricity?,31.0,1,0.03
About how many days over the past year has your household gone without heat because you could not afford to pay for gas or electricity?,165.0,1,0.03
About how many days over the past year has your household gone without heat because you could not afford to pay for gas or electricity?,345.0,1,0.03
About how many days over the past year has your household gone without heat because you could not afford to pay for gas or electricity?,91.0,1,0.03
"In the last year, was there ever a time your household was unable to use your main source of heat because the equipment was broken, and you couldn't afford to pay to repair or replace the equipment?",0,2540,88.01
"In the last year, was there ever a time your household was unable to use your main source of heat because the equipment was broken, and you couldn't afford to pay to repair or replace the equipment?",1,346,11.99
"In the past year, did anyone in your household need medical attention because your home was too cold?",0,2660,92.17
"In the past year, did anyone in your household need medical attention because your home was too cold?",1,226,7.83
FS1,0,2064,71.52
FS1,1,822,28.48
FS2,0,1894,65.63
FS2,1,992,34.37
FS3,0,2514,87.11
FS3,1,372,12.89
FS4,0,2278,78.93
FS4,1,608,21.07
FS5,0,2641,91.51
FS5,1,245,8.49
FS6,0,2540,88.01
FS6,1,346,11.99
FS7,0,2660,92.17
FS7,1,226,7.83
fuel-security_label,High fuel-security,1527,52.91
fuel-security_label,Low fuel-security,710,24.6
fuel-security_label,Marginal fuel-security,546,18.92
fuel-security_label,Very low fuel-security,103,3.57
fuel-security_score,0,1527,52.91
fuel-security_score,1,546,18.92
fuel-security_score,2,341,11.82
fuel-security_score,3,244,8.45
fuel-security_score,4,125,4.33
fuel-security_score,5,75,2.6
fuel-security_score,6,28,0.97
"In the past year, how often did you worry about making energy payments?",Never,1242,43.04
"In the past year, how often did you worry about making energy payments?",Some months but not every month,582,20.17
"In the past year, how often did you worry about making energy payments?",Almost every month,577,19.99
"In the past year, how often did you worry about making energy payments?",1 or 2 months,485,16.81
"In the past year, how often did you worry about making rent/ mortgage payments?",Never,1228,42.55
"In the past year, how often did you worry about making rent/ mortgage payments?",Some months but not every month,480,16.63
"In the past year, how often did you worry about making rent/ mortgage payments?",Almost every month,425,14.73
"In the past year, how often did you worry about making rent/ mortgage payments?",missing,402,13.93
"In the past year, how often did you worry about making rent/ mortgage payments?",1 or 2 months,351,12.16
Consider your grocery shopping habits in the past 12 months. How often have you avoided food that requires cooking to reduce energy usage?,Never,1639,56.79
Consider your grocery shopping habits in the past 12 months. How often have you avoided food that requires cooking to reduce energy usage?,Some months but not every month,528,18.3
Consider your grocery shopping habits in the past 12 months. How often have you avoided food that requires cooking to reduce energy usage?,1 or 2 months,379,13.13
Consider your grocery shopping habits in the past 12 months. How often have you avoided food that requires cooking to reduce energy usage?,Almost every month,340,11.78
Working full-time,missing,1478,51.21
Working full-time,Working full-time,1408,48.79
Working part-time,missing,2297,79.59
Working part-time,Working part-time,589,20.41
Unemployed,missing,2643,91.58
Unemployed,Unemployed,243,8.42
Retired,missing,2740,94.94
Retired,Retired,146,5.06
Not working- looking after house/ children,missing,2648,91.75
Not working- looking after house/ children,Not working- looking after house/ children,238,8.25
Not working- long term sick or disabled,missing,2699,93.52
Not working- long term sick or disabled,Not working- long term sick or disabled,187,6.48
Student,missing,2674,92.65
Student,Student,212,7.35
Other.2,missing,2759,95.6
Other.2,Self employed,17,0.59
Other.2,Self-employed,8,0.28
Other.2,Maternity leave,7,0.24
Other.2,Carer,5,0.17
Other.2,Freelance,4,0.14
Other.2,Self Employed,3,0.1
Other.2,Freelancer,2,0.07
Other.2,Apprentice,2,0.07
Other.2,On maternity leave,2,0.07
Other.2,House wife,2,0.07
Other.2,Own business and look after children,1,0.03
Other.2,self employed,1,0.03
Other.2,Fixed contract,1,0.03
Other.2,Student and working 2 part-time jobs,1,0.03
Other.2,"I'm a freelancer, so work comes and goes",1,0.03
Other.2,"I'm self-employed but on benefits, hence not worrying about rent",1,0.03
Other.2,Self enployed,1,0.03
Other.2,economically inactive and not looking for work,1,0.03
Other.2,.,1,0.03
Other.2,Unpaid carer,1,0.03
Other.2,Carer for disabled family member,1,0.03
Other.2,contract role,1,0.03
Other.2,Cairo,1,0.03
Other.2,Looking after elderly family members,1,0.03
Other.2,Asylum,1,0.03
Other.2,Living off savings as long term sickm,1,0.03
Other.2,Carer for family member,1,0.03
Other.2,Carer to my son,1,0.03
Other.2,I have a baby at home. Plus my partner has disability,1,0.03
Other.2,CARER,1,0.03
Other.2,Maternity leave from full time job,1,0.03
Other.2,Maternity Leave,1,0.03
Other.2,Full time mum,1,0.03
Other.2,On maternity leave from part time work,1,0.03
Other.2,Working full time- maternity leave,1,0.03
Other.2,full time carer,1,0.03
Other.2,Work in the home as a homemaker too.,1,0.03
Other.2,In and out of work,1,0.03
Other.2,Ful time mother,1,0.03
Other.2,Carer for disabled child,1,0.03
Other.2,Self employed / post baby,1,0.03
Other.2,I have been made redundant,1,0.03
Other.2,Casual worker,1,0.03
Other.2,Maternity leave - unpaid,1,0.03
Other.2,Agency work as well.,1,0.03
Other.2,Zero hour contracts,1,0.03
Other.2,retired and doing casual agency work,1,0.03
Other.2,temporary contract starting in January 2023,1,0.03
Other.2,Sabbatical,1,0.03
Other.2,Homeless,1,0.03
Other.2,Run my own business but not been able to pay myself for well over a year,1,0.03
Other.2,Self-employed and unable to work full-time owing to illness/disability,1,0.03
Other.2,Looking for a new job.,1,0.03
Other.2,Full time carer,1,0.03
Other.2,Volunteering,1,0.03
Other.2,Health issues and leg problems,1,0.03
Other.2,On a zero hour contract so every month money coming in varies,1,0.03
Other.2,Prefer not to say,1,0.03
Other.2,Taking some time off,1,0.03
Other.2,Volunteer unpaid,1,0.03
Other.2,Self employed freelance,1,0.03
Other.2,Caring for elderly unwell father at home,1,0.03
Other.2,occasional work,1,0.03
Other.2,And caring for family member in another household,1,0.03
Other.2,on my own,1,0.03
Other.2,Not working - full time at home carer as well as being unwell myself,1,0.03
Other.2,Starting my own business so currently unpaid,1,0.03
Other.2,Just started a 6 month job a month ago but prior to that was unemployed for many years,1,0.03
Other.2,Occassional parttime work,1,0.03
Other.2,Asylum seeker,1,0.03
Other.2,Phased return to work,1,0.03
Other.2,No trabajo por ser asilado,1,0.03
Other.2,Short-term contracts,1,0.03
Other.2,Looking after grandchildren,1,0.03
Other.2,On a temporary placement,1,0.03
Other.2,Semi retired,1,0.03
Other.2,Working freelance,1,0.03
Other.2,Starting up a new business and self employed,1,0.03
Other.2,Carer for disabled daughter,1,0.03
Other.2,self employed but looking for work,1,0.03
Other.2,Zero hour contract,1,0.03
Other.2,Can't work,1,0.03
Other.2,"Freelancing but struggling to find work (at times, for months). Relying on savings and my partner's wage for now.",1,0.03
Other.2,I'm a carer for my elderly mother,1,0.03
Other.2,About to start working,1,0.03
What is your annual household income before tax?,"More than £58,900 p.a.",670,23.22
What is your annual household income before tax?,Prefer not to say,514,17.81
What is your annual household income before tax?,"Less than £14,900 p.a.",487,16.87
What is your annual household income before tax?,"£24,301- £37,900 p.a.",450,15.59
What is your annual household income before tax?,"£37,901- £58,900 p.a.",389,13.48
What is your annual household income before tax?,"£14,901- £24,300 p.a.",376,13.03
response_time,4.000000002561137,483,16.74
response_time,2.999999999301508,384,13.31
response_time,5.999999998603016,329,11.4
response_time,4.999999995343387,273,9.46
response_time,5.000000005820766,225,7.8
response_time,7.000000001862645,210,7.28
response_time,3.999999992083758,152,5.27
response_time,8.000000005122274,86,2.98
response_time,7.999999994644895,73,2.53
response_time,8.999999997904524,71,2.46
response_time,1.999999996041879,64,2.22
response_time,10.000000001164151,63,2.18
response_time,6.000000009080395,63,2.18
response_time,2.000000006519258,39,1.35
response_time,6.999999991385266,36,1.25
response_time,3.000000009778887,29,1.0
response_time,11.000000004423782,28,0.97
response_time,9.000000008381903,26,0.9
response_time,11.999999997206032,25,0.87
response_time,13.00000000046566,22,0.76
response_time,10.999999993946403,17,0.59
response_time,15.99999999976717,16,0.55
response_time,12.000000007683411,14,0.49
response_time,14.00000000372529,11,0.38
response_time,17.0000000030268,9,0.31
response_time,17.99999999580905,9,0.31
response_time,14.99999999650754,8,0.28
response_time,13.999999993247911,8,0.28
response_time,1.000000003259629,8,0.28
response_time,20.99999999511056,6,0.21
response_time,29.00000000023283,6,0.21
response_time,15.00000000698492,6,0.21
response_time,20.000000002328303,5,0.17
response_time,9.999999990686774,4,0.14
response_time,23.00000000162981,4,0.14
response_time,21.999999998370185,4,0.14
response_time,18.99999999906868,3,0.1
response_time,34.0000000060536,3,0.1
response_time,23.999999994412065,2,0.07
response_time,27.9999999969732,2,0.07
response_time,26.000000000931323,2,0.07
response_time,45.0,2,0.07
response_time,18.000000006286427,2,0.07
response_time,22.000000008847564,2,0.07
response_time,25.999999990453944,2,0.07
response_time,34.99999999883585,2,0.07
response_time,53.99999999790453,2,0.07
response_time,28.00000000745058,2,0.07
response_time,142.9999999946449,1,0.03
response_time,16.99999999254942,1,0.03
response_time,37.00000000535511,1,0.03
response_time,114.00000000488944,1,0.03
response_time,36.00000000209548,1,0.03
response_time,81.99999999487773,1,0.03
response_time,24.000000004889444,1,0.03
response_time,143.00000000512227,1,0.03
response_time,42.00000000069849,1,0.03
response_time,68.99999999441206,1,0.03
response_time,31.99999999953434,1,0.03
response_time,29.99999999301508,1,0.03
response_time,57.00000000768341,1,0.03
response_time,77.00000001001172,1,0.03
response_time,50.999999998603016,1,0.03
response_time,190.00000000116412,1,0.03
response_time,27.00000000419095,1,0.03
response_time,59.99999999650754,1,0.03
response_time,32.99999999231659,1,0.03
response_time,2516.000000007916,1,0.03
response_time,30.99999999627471,1,0.03
response_time,33.00000000279397,1,0.03
response_time,181.99999999604188,1,0.03
response_time,50.000000005820766,1,0.03
response_time,190.9999999939464,1,0.03
response_time,43.99999999674037,1,0.03
response_time,67.00000000884756,1,0.03
response_time,55.00000000116415,1,0.03
response_time,30.00000000349246,1,0.03
response_time,90.0,1,0.03
response_time,24.999999997671694,1,0.03
response_time,195.0000000069849,1,0.03
response_time,92.00000000651926,1,0.03
response_time,114.9999999976717,1,0.03
response_time,46.00000000325963,1,0.03
response_time,107.99999999580903,1,0.03
response_time,46.99999999604188,1,0.03
response_time,56.99999999720603,1,0.03
response_time,40.00000000465661,1,0.03
response_time,49.00000000256114,1,0.03
response_time,0.99999999278225,1,0.03
response_time,48.99999999208376,1,0.03
response_time,294.00000000488944,1,0.03
response_time,91.99999999604188,1,0.03
survey_date,2022-11-22 00:00:00,1205,41.75
survey_date,2022-11-22,656,22.73
survey_date,2022-11-27 00:00:00,560,19.4
survey_date,2022-11-27,295,10.22
survey_date,2022-12-03 00:00:00,118,4.09
survey_date,2022-12-03,49,1.7
survey_date,2022-12-05 15:42:00,1,0.03
survey_date,2022-12-05 17:59:00,1,0.03
survey_date,2022-12-05 16:36:00,1,0.03
incentivised,1,2675,92.69
incentivised,0,211,7.31
lad_code,E09000030,172,5.96
lad_code,E09000022,142,4.92
lad_code,E09000032,139,4.82
lad_code,E09000023,138,4.78
lad_code,E09000019,136,4.71
lad_code,E09000028,122,4.23
lad_code,E09000008,121,4.19
lad_code,E09000007,121,4.19
lad_code,E09000014,119,4.12
lad_code,E09000003,119,4.12
lad_code,E09000009,105,3.64
lad_code,E09000031,103,3.57
lad_code,E09000012,102,3.53
lad_code,E09000011,99,3.43
lad_code,E09000005,97,3.36
lad_code,E09000024,86,2.98
lad_code,E09000025,85,2.95
lad_code,E09000013,85,2.95
lad_code,E09000029,84,2.91
lad_code,E09000033,82,2.84
lad_code,E09000006,82,2.84
lad_code,E09000018,64,2.22
lad_code,E09000010,62,2.15
lad_code,E09000027,60,2.08
lad_code,E09000026,57,1.98
lad_code,E09000004,56,1.94
lad_code,E09000017,56,1.94
lad_code,E09000015,53,1.84
lad_code,E09000021,50,1.73
lad_code,E09000020,35,1.21
lad_code,E09000016,32,1.11
lad_code,E09000002,17,0.59
lad_code,E09000001,5,0.17
msoa_code,E02000726,14,0.49
msoa_code,E02000891,13,0.45
msoa_code,E02000813,12,0.42
msoa_code,E02000878,12,0.42
msoa_code,E02000864,12,0.42
msoa_code,E02000220,11,0.38
msoa_code,E02000568,11,0.38
msoa_code,E02000383,11,0.38
msoa_code,E02000371,10,0.35
msoa_code,E02000575,10,0.35
msoa_code,E02000798,10,0.35
msoa_code,E02000635,10,0.35
msoa_code,E02000911,10,0.35
msoa_code,E02000638,10,0.35
msoa_code,E02000555,10,0.35
msoa_code,E02000563,9,0.31
msoa_code,E02000175,9,0.31
msoa_code,E02000423,9,0.31
msoa_code,E02000193,9,0.31
msoa_code,E02000276,9,0.31
msoa_code,E02000559,9,0.31
msoa_code,E02000856,9,0.31
msoa_code,E02000186,9,0.31
msoa_code,E02000932,8,0.28
msoa_code,E02000171,8,0.28
msoa_code,E02000949,8,0.28
msoa_code,E02000166,8,0.28
msoa_code,E02000875,8,0.28
msoa_code,E02000872,8,0.28
msoa_code,E02000938,8,0.28
msoa_code,E02000664,8,0.28
msoa_code,E02000877,8,0.28
msoa_code,E02000035,8,0.28
msoa_code,E02000894,8,0.28
msoa_code,E02000561,8,0.28
msoa_code,E02000957,8,0.28
msoa_code,E02000387,8,0.28
msoa_code,E02000818,8,0.28
msoa_code,E02000135,8,0.28
msoa_code,E02000867,8,0.28
msoa_code,E02000551,8,0.28
msoa_code,E02000659,8,0.28
msoa_code,E02000964,8,0.28
msoa_code,E02006931,8,0.28
msoa_code,E02000973,8,0.28
msoa_code,E02000058,7,0.24
msoa_code,E02000944,7,0.24
msoa_code,E02000644,7,0.24
msoa_code,E02000695,7,0.24
msoa_code,E02000216,7,0.24
msoa_code,E02000252,7,0.24
msoa_code,E02000884,7,0.24
msoa_code,E02000700,7,0.24
msoa_code,E02006925,7,0.24
msoa_code,E02000569,7,0.24
msoa_code,E02000564,7,0.24
msoa_code,E02000375,7,0.24
msoa_code,E02000923,7,0.24
msoa_code,E02000633,7,0.24
msoa_code,E02000649,7,0.24
msoa_code,E02000556,7,0.24
msoa_code,E02000430,7,0.24
msoa_code,E02000210,7,0.24
msoa_code,E02000858,7,0.24
msoa_code,E02000055,7,0.24
msoa_code,E02000696,7,0.24
msoa_code,E02000043,7,0.24
msoa_code,E02000910,7,0.24
msoa_code,E02000627,7,0.24
msoa_code,E02000304,7,0.24
msoa_code,E02000643,7,0.24
msoa_code,E02000571,7,0.24
msoa_code,E02000852,7,0.24
msoa_code,E02006854,7,0.24
msoa_code,E02000170,7,0.24
msoa_code,E02000365,7,0.24
msoa_code,E02000351,7,0.24
msoa_code,E02000331,7,0.24
msoa_code,E02000889,7,0.24
msoa_code,E02000918,6,0.21
msoa_code,E02006930,6,0.21
msoa_code,E02000360,6,0.21
msoa_code,E02000666,6,0.21
msoa_code,E02000847,6,0.21
msoa_code,E02000697,6,0.21
msoa_code,E02000261,6,0.21
msoa_code,E02000692,6,0.21
msoa_code,E02000576,6,0.21
msoa_code,E02000077,6,0.21
msoa_code,E02000180,6,0.21
msoa_code,E02000653,6,0.21
msoa_code,E02000793,6,0.21
msoa_code,E02000757,6,0.21
msoa_code,E02000670,6,0.21
msoa_code,E02000906,6,0.21
msoa_code,E02000851,6,0.21
msoa_code,E02000660,6,0.21
msoa_code,E02000642,6,0.21
msoa_code,E02000378,6,0.21
msoa_code,E02000809,6,0.21
msoa_code,E02000936,6,0.21
msoa_code,E02000068,6,0.21
msoa_code,E02006798,6,0.21
msoa_code,E02000693,6,0.21
msoa_code,E02000172,6,0.21
msoa_code,E02000622,6,0.21
msoa_code,E02000764,6,0.21
msoa_code,E02000052,6,0.21
msoa_code,E02000905,6,0.21
msoa_code,E02000909,6,0.21
msoa_code,E02000977,6,0.21
msoa_code,E02006794,6,0.21
msoa_code,E02000213,6,0.21
msoa_code,E02000455,6,0.21
msoa_code,E02000676,6,0.21
msoa_code,E02000168,6,0.21
msoa_code,E02000379,6,0.21
msoa_code,E02000509,6,0.21
msoa_code,E02000271,6,0.21
msoa_code,E02000215,6,0.21
msoa_code,E02000416,6,0.21
msoa_code,E02000178,6,0.21
msoa_code,E02000831,6,0.21
msoa_code,E02000924,6,0.21
msoa_code,E02000658,6,0.21
msoa_code,E02000352,6,0.21
msoa_code,E02000432,6,0.21
msoa_code,E02000191,6,0.21
msoa_code,E02000257,6,0.21
msoa_code,E02000972,6,0.21
msoa_code,E02000610,6,0.21
msoa_code,E02000355,6,0.21
msoa_code,E02000546,5,0.17
msoa_code,E02000865,5,0.17
msoa_code,E02000947,5,0.17
msoa_code,E02000857,5,0.17
msoa_code,E02000969,5,0.17
msoa_code,E02000961,5,0.17
msoa_code,E02000709,5,0.17
msoa_code,E02000922,5,0.17
msoa_code,E02000268,5,0.17
msoa_code,E02000141,5,0.17
msoa_code,E02000106,5,0.17
msoa_code,E02000542,5,0.17
msoa_code,E02000866,5,0.17
msoa_code,E02000628,5,0.17
msoa_code,E02000759,5,0.17
msoa_code,E02000665,5,0.17
msoa_code,E02000981,5,0.17
msoa_code,E02000051,5,0.17
msoa_code,E02000835,5,0.17
msoa_code,E02000503,5,0.17
msoa_code,E02000685,5,0.17
msoa_code,E02000934,5,0.17
msoa_code,E02000540,5,0.17
msoa_code,E02000468,5,0.17
msoa_code,E02000406,5,0.17
msoa_code,E02000124,5,0.17
msoa_code,E02000326,5,0.17
msoa_code,E02000203,5,0.17
msoa_code,E02000951,5,0.17
msoa_code,E02006882,5,0.17
msoa_code,E02000353,5,0.17
msoa_code,E02000386,5,0.17
msoa_code,E02000362,5,0.17
msoa_code,E02000142,5,0.17
msoa_code,E02000236,5,0.17
msoa_code,E02000296,5,0.17
msoa_code,E02000073,5,0.17
msoa_code,E02000107,5,0.17
msoa_code,E02000845,5,0.17
msoa_code,E02000429,5,0.17
msoa_code,E02000050,5,0.17
msoa_code,E02000919,5,0.17
msoa_code,E02000621,5,0.17
msoa_code,E02000567,5,0.17
msoa_code,E02000265,5,0.17
msoa_code,E02000901,5,0.17
msoa_code,E02000115,5,0.17
msoa_code,E02006802,5,0.17
msoa_code,E02000620,5,0.17
msoa_code,E02000812,5,0.17
msoa_code,E02000903,5,0.17
msoa_code,E02000959,5,0.17
msoa_code,E02000699,5,0.17
msoa_code,E02000975,5,0.17
msoa_code,E02000359,5,0.17
msoa_code,E02000608,5,0.17
msoa_code,E02000557,5,0.17
msoa_code,E02000284,5,0.17
msoa_code,E02000539,5,0.17
msoa_code,E02000206,5,0.17
msoa_code,E02000445,5,0.17
msoa_code,E02000840,5,0.17
msoa_code,E02000132,5,0.17
msoa_code,E02000844,5,0.17
msoa_code,E02000893,5,0.17
msoa_code,E02006929,5,0.17
msoa_code,E02000881,5,0.17
msoa_code,E02000873,5,0.17
msoa_code,E02000125,5,0.17
msoa_code,E02000453,5,0.17
msoa_code,E02000145,5,0.17
msoa_code,E02000711,5,0.17
msoa_code,E02000677,5,0.17
msoa_code,E02000187,5,0.17
msoa_code,E02000725,5,0.17
msoa_code,E02000358,5,0.17
msoa_code,E02000823,5,0.17
msoa_code,E02000053,5,0.17
msoa_code,E02000201,5,0.17
msoa_code,E02000560,5,0.17
msoa_code,E02000269,5,0.17
msoa_code,E02000871,5,0.17
msoa_code,E02000001,5,0.17
msoa_code,E02000900,5,0.17
msoa_code,E02000208,5,0.17
msoa_code,E02000099,5,0.17
msoa_code,E02000908,5,0.17
msoa_code,E02000094,5,0.17
msoa_code,E02000080,5,0.17
msoa_code,E02000127,5,0.17
msoa_code,E02006791,5,0.17
msoa_code,E02000316,5,0.17
msoa_code,E02000364,5,0.17
msoa_code,E02000887,5,0.17
msoa_code,E02000528,5,0.17
msoa_code,E02000750,5,0.17
msoa_code,E02000943,5,0.17
msoa_code,E02000126,5,0.17
msoa_code,E02000566,5,0.17
msoa_code,E02000374,5,0.17
msoa_code,E02000280,5,0.17
msoa_code,E02000769,5,0.17
msoa_code,E02000806,5,0.17
msoa_code,E02000803,5,0.17
msoa_code,E02000256,5,0.17
msoa_code,E02000886,5,0.17
msoa_code,E02000384,5,0.17
msoa_code,E02000209,4,0.14
msoa_code,E02000825,4,0.14
msoa_code,E02000859,4,0.14
msoa_code,E02000270,4,0.14
msoa_code,E02000965,4,0.14
msoa_code,E02000318,4,0.14
msoa_code,E02000657,4,0.14
msoa_code,E02000341,4,0.14
msoa_code,E02000431,4,0.14
msoa_code,E02000054,4,0.14
msoa_code,E02000248,4,0.14
msoa_code,E02000808,4,0.14
msoa_code,E02000356,4,0.14
msoa_code,E02006800,4,0.14
msoa_code,E02000637,4,0.14
msoa_code,E02000678,4,0.14
msoa_code,E02000565,4,0.14
msoa_code,E02000373,4,0.14
msoa_code,E02000346,4,0.14
msoa_code,E02000830,4,0.14
msoa_code,E02000198,4,0.14
msoa_code,E02000424,4,0.14
msoa_code,E02000217,4,0.14
msoa_code,E02000730,4,0.14
msoa_code,E02000418,4,0.14
msoa_code,E02000403,4,0.14
msoa_code,E02000467,4,0.14
msoa_code,E02000629,4,0.14
msoa_code,E02000367,4,0.14
msoa_code,E02000680,4,0.14
msoa_code,E02000645,4,0.14
msoa_code,E02000850,4,0.14
msoa_code,E02000181,4,0.14
msoa_code,E02000787,4,0.14
msoa_code,E02000681,4,0.14
msoa_code,E02000131,4,0.14
msoa_code,E02000042,4,0.14
msoa_code,E02000639,4,0.14
msoa_code,E02000846,4,0.14
msoa_code,E02000941,4,0.14
msoa_code,E02000116,4,0.14
msoa_code,E02000914,4,0.14
msoa_code,E02000822,4,0.14
msoa_code,E02000533,4,0.14
msoa_code,E02000140,4,0.14
msoa_code,E02000915,4,0.14
msoa_code,E02000420,4,0.14
msoa_code,E02000602,4,0.14
msoa_code,E02000184,4,0.14
msoa_code,E02000704,4,0.14
msoa_code,E02000288,4,0.14
msoa_code,E02000152,4,0.14
msoa_code,E02000917,4,0.14
msoa_code,E02000694,4,0.14
msoa_code,E02000820,4,0.14
msoa_code,E02000554,4,0.14
msoa_code,E02000804,4,0.14
msoa_code,E02006796,4,0.14
msoa_code,E02000646,4,0.14
msoa_code,E02000020,4,0.14
msoa_code,E02000883,4,0.14
msoa_code,E02000604,4,0.14
msoa_code,E02000397,4,0.14
msoa_code,E02000667,4,0.14
msoa_code,E02000531,4,0.14
msoa_code,E02000120,4,0.14
msoa_code,E02000747,4,0.14
msoa_code,E02000671,4,0.14
msoa_code,E02000737,4,0.14
msoa_code,E02000935,4,0.14
msoa_code,E02006836,4,0.14
msoa_code,E02000182,4,0.14
msoa_code,E02000110,4,0.14
msoa_code,E02000945,4,0.14
msoa_code,E02000572,4,0.14
msoa_code,E02000626,4,0.14
msoa_code,E02000526,4,0.14
msoa_code,E02000476,4,0.14
msoa_code,E02000819,4,0.14
msoa_code,E02000173,4,0.14
msoa_code,E02000589,4,0.14
msoa_code,E02000786,4,0.14
msoa_code,E02000921,4,0.14
msoa_code,E02000109,4,0.14
msoa_code,E02006928,4,0.14
msoa_code,E02000966,4,0.14
msoa_code,E02000024,4,0.14
msoa_code,E02000888,4,0.14
msoa_code,E02000056,4,0.14
msoa_code,E02000327,4,0.14
msoa_code,E02000956,4,0.14
msoa_code,E02000161,4,0.14
msoa_code,E02000672,4,0.14
msoa_code,E02000691,4,0.14
msoa_code,E02000317,4,0.14
msoa_code,E02000510,4,0.14
msoa_code,E02000411,4,0.14
msoa_code,E02000407,4,0.14
msoa_code,E02000882,4,0.14
msoa_code,E02000369,4,0.14
msoa_code,E02000112,4,0.14
msoa_code,E02000412,4,0.14
msoa_code,E02000744,4,0.14
msoa_code,E02000807,4,0.14
msoa_code,E02000339,4,0.14
msoa_code,E02000606,4,0.14
msoa_code,E02000292,4,0.14
msoa_code,E02000421,4,0.14
msoa_code,E02000827,4,0.14
msoa_code,E02000968,4,0.14
msoa_code,E02000230,4,0.14
msoa_code,E02000319,4,0.14
msoa_code,E02000340,4,0.14
msoa_code,E02000480,4,0.14
msoa_code,E02000579,4,0.14
msoa_code,E02000613,4,0.14
msoa_code,E02000929,3,0.1
msoa_code,E02000815,3,0.1
msoa_code,E02006927,3,0.1
msoa_code,E02000123,3,0.1
msoa_code,E02000583,3,0.1
msoa_code,E02000414,3,0.1
msoa_code,E02000419,3,0.1
msoa_code,E02000335,3,0.1
msoa_code,E02000954,3,0.1
msoa_code,E02000452,3,0.1
msoa_code,E02000245,3,0.1
msoa_code,E02000950,3,0.1
msoa_code,E02000434,3,0.1
msoa_code,E02000573,3,0.1
msoa_code,E02000048,3,0.1
msoa_code,E02000979,3,0.1
msoa_code,E02000816,3,0.1
msoa_code,E02000363,3,0.1
msoa_code,E02000190,3,0.1
msoa_code,E02000679,3,0.1
msoa_code,E02000508,3,0.1
msoa_code,E02000532,3,0.1
msoa_code,E02000286,3,0.1
msoa_code,E02000045,3,0.1
msoa_code,E02000519,3,0.1
msoa_code,E02000305,3,0.1
msoa_code,E02000869,3,0.1
msoa_code,E02000225,3,0.1
msoa_code,E02000558,3,0.1
msoa_code,E02000733,3,0.1
msoa_code,E02000663,3,0.1
msoa_code,E02000746,3,0.1
msoa_code,E02000368,3,0.1
msoa_code,E02000121,3,0.1
msoa_code,E02000323,3,0.1
msoa_code,E02000337,3,0.1
msoa_code,E02000422,3,0.1
msoa_code,E02000741,3,0.1
msoa_code,E02000581,3,0.1
msoa_code,E02000577,3,0.1
msoa_code,E02000156,3,0.1
msoa_code,E02000388,3,0.1
msoa_code,E02000708,3,0.1
msoa_code,E02000235,3,0.1
msoa_code,E02000669,3,0.1
msoa_code,E02000719,3,0.1
msoa_code,E02000976,3,0.1
msoa_code,E02000003,3,0.1
msoa_code,E02000079,3,0.1
msoa_code,E02000640,3,0.1
msoa_code,E02000114,3,0.1
msoa_code,E02000404,3,0.1
msoa_code,E02000641,3,0.1
msoa_code,E02000729,3,0.1
msoa_code,E02000456,3,0.1
msoa_code,E02000874,3,0.1
msoa_code,E02000084,3,0.1
msoa_code,E02006792,3,0.1
msoa_code,E02000650,3,0.1
msoa_code,E02000241,3,0.1
msoa_code,E02000332,3,0.1
msoa_code,E02000974,3,0.1
msoa_code,E02000686,3,0.1
msoa_code,E02000913,3,0.1
msoa_code,E02000619,3,0.1
msoa_code,E02000224,3,0.1
msoa_code,E02000389,3,0.1
msoa_code,E02000784,3,0.1
msoa_code,E02000879,3,0.1
msoa_code,E02000174,3,0.1
msoa_code,E02000838,3,0.1
msoa_code,E02000720,3,0.1
msoa_code,E02000937,3,0.1
msoa_code,E02000025,3,0.1
msoa_code,E02000408,3,0.1
msoa_code,E02000394,3,0.1
msoa_code,E02000673,3,0.1
msoa_code,E02000034,3,0.1
msoa_code,E02000150,3,0.1
msoa_code,E02000515,3,0.1
msoa_code,E02000562,3,0.1
msoa_code,E02000500,3,0.1
msoa_code,E02006924,3,0.1
msoa_code,E02000721,3,0.1
msoa_code,E02000797,3,0.1
msoa_code,E02000631,3,0.1
msoa_code,E02000933,3,0.1
msoa_code,E02000062,3,0.1
msoa_code,E02000843,3,0.1
msoa_code,E02000097,3,0.1
msoa_code,E02000207,3,0.1
msoa_code,E02000824,3,0.1
msoa_code,E02000520,3,0.1
msoa_code,E02000117,3,0.1
msoa_code,E02000930,3,0.1
msoa_code,E02000781,3,0.1
msoa_code,E02000030,3,0.1
msoa_code,E02000834,3,0.1
msoa_code,E02000614,3,0.1
msoa_code,E02000826,3,0.1
msoa_code,E02000026,3,0.1
msoa_code,E02000134,3,0.1
msoa_code,E02000675,3,0.1
msoa_code,E02000706,3,0.1
msoa_code,E02000372,3,0.1
msoa_code,E02000249,3,0.1
msoa_code,E02000370,3,0.1
msoa_code,E02000683,3,0.1
msoa_code,E02000443,3,0.1
msoa_code,E02000927,3,0.1
msoa_code,E02000592,3,0.1
msoa_code,E02000970,3,0.1
msoa_code,E02000868,3,0.1
msoa_code,E02000654,3,0.1
msoa_code,E02000636,3,0.1
msoa_code,E02000179,3,0.1
msoa_code,E02000291,3,0.1
msoa_code,E02000674,3,0.1
msoa_code,E02000381,3,0.1
msoa_code,E02000805,3,0.1
msoa_code,E02000046,3,0.1
msoa_code,E02000607,3,0.1
msoa_code,E02000801,3,0.1
msoa_code,E02000828,3,0.1
msoa_code,E02000233,3,0.1
msoa_code,E02000792,3,0.1
msoa_code,E02000624,3,0.1
msoa_code,E02000712,3,0.1
msoa_code,E02000417,3,0.1
msoa_code,E02000354,3,0.1
msoa_code,E02000038,3,0.1
msoa_code,E02000059,3,0.1
msoa_code,E02000698,3,0.1
msoa_code,E02000413,3,0.1
msoa_code,E02000272,3,0.1
msoa_code,E02000199,3,0.1
msoa_code,E02000314,3,0.1
msoa_code,E02000574,3,0.1
msoa_code,E02000596,2,0.07
msoa_code,E02000880,2,0.07
msoa_code,E02000703,2,0.07
msoa_code,E02000939,2,0.07
msoa_code,E02000260,2,0.07
msoa_code,E02000244,2,0.07
msoa_code,E02000041,2,0.07
msoa_code,E02000295,2,0.07
msoa_code,E02000689,2,0.07
msoa_code,E02000426,2,0.07
msoa_code,E02000197,2,0.07
msoa_code,E02000842,2,0.07
msoa_code,E02000004,2,0.07
msoa_code,E02000550,2,0.07
msoa_code,E02000668,2,0.07
msoa_code,E02000870,2,0.07
msoa_code,E02000312,2,0.07
msoa_code,E02000128,2,0.07
msoa_code,E02000942,2,0.07
msoa_code,E02000082,2,0.07
msoa_code,E02000549,2,0.07
msoa_code,E02000066,2,0.07
msoa_code,E02000092,2,0.07
msoa_code,E02000396,2,0.07
msoa_code,E02000612,2,0.07
msoa_code,E02000447,2,0.07
msoa_code,E02000651,2,0.07
msoa_code,E02000773,2,0.07
msoa_code,E02000837,2,0.07
msoa_code,E02000095,2,0.07
msoa_code,E02000377,2,0.07
msoa_code,E02000212,2,0.07
msoa_code,E02000512,2,0.07
msoa_code,E02000029,2,0.07
msoa_code,E02000625,2,0.07
msoa_code,E02000263,2,0.07
msoa_code,E02000400,2,0.07
msoa_code,E02000738,2,0.07
msoa_code,E02000603,2,0.07
msoa_code,E02000745,2,0.07
msoa_code,E02000343,2,0.07
msoa_code,E02000361,2,0.07
msoa_code,E02000250,2,0.07
msoa_code,E02000926,2,0.07
msoa_code,E02000091,2,0.07
msoa_code,E02000440,2,0.07
msoa_code,E02000177,2,0.07
msoa_code,E02000072,2,0.07
msoa_code,E02000328,2,0.07
msoa_code,E02000863,2,0.07
msoa_code,E02000119,2,0.07
msoa_code,E02000585,2,0.07
msoa_code,E02000163,2,0.07
msoa_code,E02000098,2,0.07
msoa_code,E02000714,2,0.07
msoa_code,E02000243,2,0.07
msoa_code,E02000590,2,0.07
msoa_code,E02000702,2,0.07
msoa_code,E02000522,2,0.07
msoa_code,E02000849,2,0.07
msoa_code,E02000457,2,0.07
msoa_code,E02000740,2,0.07
msoa_code,E02000495,2,0.07
msoa_code,E02000770,2,0.07
msoa_code,E02006786,2,0.07
msoa_code,E02000267,2,0.07
msoa_code,E02000390,2,0.07
msoa_code,E02000259,2,0.07
msoa_code,E02000090,2,0.07
msoa_code,E02000321,2,0.07
msoa_code,E02000155,2,0.07
msoa_code,E02000582,2,0.07
msoa_code,E02000470,2,0.07
msoa_code,E02000907,2,0.07
msoa_code,E02000912,2,0.07
msoa_code,E02000634,2,0.07
msoa_code,E02000498,2,0.07
msoa_code,E02000078,2,0.07
msoa_code,E02000916,2,0.07
msoa_code,E02000122,2,0.07
msoa_code,E02000601,2,0.07
msoa_code,E02000609,2,0.07
msoa_code,E02000648,2,0.07
msoa_code,E02000946,2,0.07
msoa_code,E02000749,2,0.07
msoa_code,E02000967,2,0.07
msoa_code,E02000108,2,0.07
msoa_code,E02000301,2,0.07
msoa_code,E02000057,2,0.07
msoa_code,E02000780,2,0.07
msoa_code,E02000308,2,0.07
msoa_code,E02000144,2,0.07
msoa_code,E02000444,2,0.07
msoa_code,E02000085,2,0.07
msoa_code,E02000600,2,0.07
msoa_code,E02000262,2,0.07
msoa_code,E02000415,2,0.07
msoa_code,E02000796,2,0.07
msoa_code,E02000580,2,0.07
msoa_code,E02000096,2,0.07
msoa_code,E02000833,2,0.07
msoa_code,E02000137,2,0.07
msoa_code,E02006853,2,0.07
msoa_code,E02006801,2,0.07
msoa_code,E02000687,2,0.07
msoa_code,E02000931,2,0.07
msoa_code,E02000218,2,0.07
msoa_code,E02000385,2,0.07
msoa_code,E02000584,2,0.07
msoa_code,E02000070,2,0.07
msoa_code,E02000955,2,0.07
msoa_code,E02000814,2,0.07
msoa_code,E02000240,2,0.07
msoa_code,E02000655,2,0.07
msoa_code,E02000086,2,0.07
msoa_code,E02000409,2,0.07
msoa_code,E02000334,2,0.07
msoa_code,E02000165,2,0.07
msoa_code,E02000376,2,0.07
msoa_code,E02000983,2,0.07
msoa_code,E02000279,2,0.07
msoa_code,E02000049,2,0.07
msoa_code,E02000226,2,0.07
msoa_code,E02000661,2,0.07
msoa_code,E02000459,2,0.07
msoa_code,E02000545,2,0.07
msoa_code,E02000071,2,0.07
msoa_code,E02000777,2,0.07
msoa_code,E02000008,2,0.07
msoa_code,E02000722,2,0.07
msoa_code,E02000748,2,0.07
msoa_code,E02000885,2,0.07
msoa_code,E02000605,2,0.07
msoa_code,E02000425,2,0.07
msoa_code,E02000253,2,0.07
msoa_code,E02000953,2,0.07
msoa_code,E02000130,2,0.07
msoa_code,E02000799,2,0.07
msoa_code,E02000506,2,0.07
msoa_code,E02000716,2,0.07
msoa_code,E02000630,2,0.07
msoa_code,E02000632,2,0.07
msoa_code,E02000289,2,0.07
msoa_code,E02000064,2,0.07
msoa_code,E02000779,2,0.07
msoa_code,E02000428,2,0.07
msoa_code,E02006782,2,0.07
msoa_code,E02000829,2,0.07
msoa_code,E02000303,2,0.07
msoa_code,E02000810,2,0.07
msoa_code,E02000743,2,0.07
msoa_code,E02000366,2,0.07
msoa_code,E02000105,2,0.07
msoa_code,E02000036,2,0.07
msoa_code,E02000103,2,0.07
msoa_code,E02000183,2,0.07
msoa_code,E02000705,2,0.07
msoa_code,E02000101,2,0.07
msoa_code,E02000104,2,0.07
msoa_code,E02000060,2,0.07
msoa_code,E02000202,2,0.07
msoa_code,E02000980,2,0.07
msoa_code,E02000016,2,0.07
msoa_code,E02000817,2,0.07
msoa_code,E02000299,2,0.07
msoa_code,E02000839,2,0.07
msoa_code,E02000237,2,0.07
msoa_code,E02000033,2,0.07
msoa_code,E02000449,2,0.07
msoa_code,E02000463,1,0.03
msoa_code,E02000490,1,0.03
msoa_code,E02000928,1,0.03
msoa_code,E02000063,1,0.03
msoa_code,E02000255,1,0.03
msoa_code,E02000234,1,0.03
msoa_code,E02000552,1,0.03
msoa_code,E02000393,1,0.03
msoa_code,E02000501,1,0.03
msoa_code,E02000543,1,0.03
msoa_code,E02000497,1,0.03
msoa_code,E02006784,1,0.03
msoa_code,E02000521,1,0.03
msoa_code,E02000899,1,0.03
msoa_code,E02000742,1,0.03
msoa_code,E02000768,1,0.03
msoa_code,E02000904,1,0.03
msoa_code,E02000488,1,0.03
msoa_code,E02000518,1,0.03
msoa_code,E02000442,1,0.03
msoa_code,E02000855,1,0.03
msoa_code,E02000448,1,0.03
msoa_code,E02000895,1,0.03
msoa_code,E02000040,1,0.03
msoa_code,E02000219,1,0.03
msoa_code,E02000391,1,0.03
msoa_code,E02000615,1,0.03
msoa_code,E02000662,1,0.03
msoa_code,E02000014,1,0.03
msoa_code,E02000481,1,0.03
msoa_code,E02000836,1,0.03
msoa_code,E02000971,1,0.03
msoa_code,E02000765,1,0.03
msoa_code,E02000472,1,0.03
msoa_code,E02000896,1,0.03
msoa_code,E02000469,1,0.03
msoa_code,E02000524,1,0.03
msoa_code,E02000264,1,0.03
msoa_code,E02000477,1,0.03
msoa_code,E02000548,1,0.03
msoa_code,E02000772,1,0.03
msoa_code,E02000146,1,0.03
msoa_code,E02000221,1,0.03
msoa_code,E02000088,1,0.03
msoa_code,E02000167,1,0.03
msoa_code,E02000275,1,0.03
msoa_code,E02000333,1,0.03
msoa_code,E02000593,1,0.03
msoa_code,E02000285,1,0.03
msoa_code,E02000075,1,0.03
msoa_code,E02000283,1,0.03
msoa_code,E02000227,1,0.03
msoa_code,E02000195,1,0.03
msoa_code,E02000239,1,0.03
msoa_code,E02000598,1,0.03
msoa_code,E02000015,1,0.03
msoa_code,E02006788,1,0.03
msoa_code,E02000920,1,0.03
msoa_code,E02000405,1,0.03
msoa_code,E02000039,1,0.03
msoa_code,E02000876,1,0.03
msoa_code,E02000087,1,0.03
msoa_code,E02000200,1,0.03
msoa_code,E02000617,1,0.03
msoa_code,E02000513,1,0.03
msoa_code,E02000475,1,0.03
msoa_code,E02000309,1,0.03
msoa_code,E02000902,1,0.03
msoa_code,E02000231,1,0.03
msoa_code,E02006918,1,0.03
msoa_code,E02000802,1,0.03
msoa_code,E02000731,1,0.03
msoa_code,E02000151,1,0.03
msoa_code,E02000410,1,0.03
msoa_code,E02000958,1,0.03
msoa_code,E02000204,1,0.03
msoa_code,E02000544,1,0.03
msoa_code,E02000118,1,0.03
msoa_code,E02000897,1,0.03
msoa_code,E02000485,1,0.03
msoa_code,E02000258,1,0.03
msoa_code,E02000342,1,0.03
msoa_code,E02000196,1,0.03
msoa_code,E02000466,1,0.03
msoa_code,E02000160,1,0.03
msoa_code,E02000821,1,0.03
msoa_code,E02000890,1,0.03
msoa_code,E02000853,1,0.03
msoa_code,E02006793,1,0.03
msoa_code,E02000735,1,0.03
msoa_code,E02000436,1,0.03
msoa_code,E02000978,1,0.03
msoa_code,E02000788,1,0.03
msoa_code,E02000311,1,0.03
msoa_code,E02000451,1,0.03
msoa_code,E02000357,1,0.03
msoa_code,E02000534,1,0.03
msoa_code,E02000790,1,0.03
msoa_code,E02000517,1,0.03
msoa_code,E02000153,1,0.03
msoa_code,E02000724,1,0.03
msoa_code,E02000616,1,0.03
msoa_code,E02000776,1,0.03
msoa_code,E02000982,1,0.03
msoa_code,E02000948,1,0.03
msoa_code,E02006795,1,0.03
msoa_code,E02000188,1,0.03
msoa_code,E02000222,1,0.03
msoa_code,E02000159,1,0.03
msoa_code,E02000486,1,0.03
msoa_code,E02000176,1,0.03
msoa_code,E02000728,1,0.03
msoa_code,E02000037,1,0.03
msoa_code,E02000133,1,0.03
msoa_code,E02000067,1,0.03
msoa_code,E02000293,1,0.03
msoa_code,E02000138,1,0.03
msoa_code,E02000547,1,0.03
msoa_code,E02000511,1,0.03
msoa_code,E02000102,1,0.03
msoa_code,E02000251,1,0.03
msoa_code,E02000022,1,0.03
msoa_code,E02000496,1,0.03
msoa_code,E02000963,1,0.03
msoa_code,E02000860,1,0.03
msoa_code,E02000223,1,0.03
msoa_code,E02000032,1,0.03
msoa_code,E02000478,1,0.03
msoa_code,E02000441,1,0.03
msoa_code,E02000232,1,0.03
msoa_code,E02000169,1,0.03
msoa_code,E02000089,1,0.03
msoa_code,E02000514,1,0.03
msoa_code,E02000492,1,0.03
msoa_code,E02000553,1,0.03
msoa_code,E02000438,1,0.03
msoa_code,E02000465,1,0.03
msoa_code,E02000031,1,0.03
msoa_code,E02000019,1,0.03
msoa_code,E02000345,1,0.03
msoa_code,E02000382,1,0.03
msoa_code,E02000189,1,0.03
msoa_code,E02000832,1,0.03
msoa_code,E02000494,1,0.03
msoa_code,E02000294,1,0.03
msoa_code,E02000940,1,0.03
msoa_code,E02000751,1,0.03
msoa_code,E02000756,1,0.03
msoa_code,E02000623,1,0.03
msoa_code,E02006785,1,0.03
msoa_code,E02000752,1,0.03
msoa_code,E02000595,1,0.03
msoa_code,E02000732,1,0.03
msoa_code,E02000952,1,0.03
msoa_code,E02000611,1,0.03
msoa_code,E02000570,1,0.03
msoa_code,E02000324,1,0.03
msoa_code,E02000762,1,0.03
msoa_code,E02000586,1,0.03
msoa_code,E02000192,1,0.03
msoa_code,E02000047,1,0.03
msoa_code,E02000516,1,0.03
msoa_code,E02000148,1,0.03
msoa_code,E02000185,1,0.03
msoa_code,E02000841,1,0.03
imd_decile,3,529,18.33
imd_decile,4,471,16.32
imd_decile,2,419,14.52
imd_decile,5,347,12.02
imd_decile,6,328,11.37
imd_decile,7,246,8.52
imd_decile,8,199,6.9
imd_decile,9,199,6.9
imd_decile,10,91,3.15
imd_decile,1,57,1.98
